Hugo_Symbol,3'Flank,3'UTR,5'Flank,5'UTR,Frame_Shift_Del,Frame_Shift_Ins,In_Frame_Del,In_Frame_Ins,Intron,Missense_Mutation,Nonsense_Mutation,Nonstop_Mutation,RNA,Silent,Splice_Site,Translation_Start_Site,DEL,INS,ONP,SNP,TNP,pnum,exp_mean,exp_var,exp_ccle,rep_time,all_mean,all_var,up_mean,up_var,down_mean,down_var,dnam_mean,dnam_var,chr,start,end,expression_CCLE,replication_time,noncoding_mutation_rate,local_GC_content,HiC_compartment,local_gene_density,wgs_mean_depth,wgs_percent_20x,capture_on_target_rate,capture_mean_depth,capture_pct200,capture_mean_percentGC,gene_betweeness,gene_degree,nonsilent_to_silent,biaoqian,class
ABL1,25.0,0.0,0.0,0.0,12.0,2.0,1.0,0.0,1.0,160.0,16.0,0.0,0.0,99.0,3.0,0.0,17.0,3.0,0.0,299.0,0.0,242,11.07108251809035,0.4516851409462789,18.947370688212413,7.7279204545632,-0.018357472,0.024898643,0.04647865,0.010449998,-0.10911096,0.031004455,0.145104696,0.006650564,9.0,133589268.0,133763060.0,505505.7,211.0,2.426606e-06,0.4654867,0.02867805,8.0,49.08108,91.27027,0.8753249,111.6492,13.1082,53.9179,0.001863735,180.0,1.81,1,1
AKT1,0.0,6.0,0.0,10.0,0.0,0.0,0.0,0.0,0.0,124.0,2.0,0.0,0.0,35.0,0.0,0.0,0.0,0.0,0.0,177.0,0.0,158,11.901389904369957,0.3094737198473657,19.44105808731403,7.954196310386875,-0.01604805,0.031938437,0.052286148,0.017221581,-0.117894985,0.036542855,0.09060703,0.000982732,14.0,105235689.0,105262080.0,711772.2,247.0,2.715661e-06,0.60383,0.03599851,12.0,40.51351,80.45945999999999,0.8555161,71.94426,2.514754,61.99387,0.002771845,253.0,3.5,1,1
AKT2,0.0,40.0,0.0,6.0,5.0,0.0,0.0,0.0,18.0,90.0,3.0,0.0,0.0,32.0,1.0,0.0,6.0,0.0,0.0,189.0,0.0,165,11.326308081989422,0.3900163030167978,19.939967967419804,8.64745842645492,0.0014500860297898,0.0299711588873905,0.057367087,0.0186526400956217,-0.096697303670753,0.0309440894036777,0.075796399,0.001161844,19.0,40736225.0,40791265.0,1005838.0,400.0,2.299667e-06,0.51007,0.02966292,30.0,52.89189,89.08108,0.8412215000000001,98.79344,10.25574,60.756780000000006,0.000258529,48.0,2.8484848484848486,0,1
AKT3,6.0,53.0,0.0,11.0,4.0,0.0,0.0,0.0,0.0,117.0,12.0,0.0,0.0,30.0,5.0,0.0,17.0,1.0,0.0,220.0,0.0,176,8.732724223774493,2.9501191929350883,17.672665660627644,9.899356922923111,0.0014500860297898,0.0299711588873905,0.057367087,0.0186526400956217,-0.096697303670753,0.0309440894036777,1.181938217,0.08839917,1.0,243651535.0,244006553.0,208929.8,954.0,4.417187e-06,0.381482,-0.003878738,3.0,45.0,91.2973,0.7268292,96.89836,6.570492,35.75675,1.18e-05,12.0,4.32258064516129,0,1
ALK,0.0,19.0,0.0,0.0,12.0,3.0,2.0,0.0,6.0,358.0,25.0,0.0,0.0,176.0,10.0,0.0,14.0,4.0,0.0,593.0,0.0,443,2.7592242437404813,5.601346626835951,17.6254191906772,9.786269627648467,0.02325528,0.014714645,0.052760005,0.012351356,-0.056865532,0.012350625,0.145018186,0.040757847,2.0,29415641.0,30144432.0,202198.4,882.0,2.5622710000000003e-06,0.429635,0.01878041,9.0,51.48649,93.97297,0.8414963,117.6033,13.40984,53.27906,0.000155371,62.0,2.23728813559322,1,1
APC,0.0,27.0,0.0,2.0,194.0,98.0,3.0,1.0,1.0,494.0,521.0,0.0,0.0,115.0,26.0,0.0,197.0,105.0,0.0,1180.0,0.0,889,9.402625965443123,0.990658045966602,17.918885360043515,8.643856189774723,-0.021727912,0.028125314,0.043907076,0.0105154,-0.13100749,0.03833304,1.44145598,0.323746914,5.0,112043218.0,112181935.0,247810.8,399.0,2.396328e-06,0.3856199999999999,0.0275499,4.0,49.62162,96.62162,0.9487281,103.9279,6.013115,38.99682,0.001185918,137.0,9.827586206896552,1,1
AR,0.0,21.0,0.0,9.0,4.0,3.0,1.0,0.0,17.0,181.0,15.0,1.0,0.0,105.0,6.0,0.0,13.0,3.0,0.0,347.0,0.0,286,4.592138528843583,8.906497271544673,16.696281594186832,8.594903589110126,0.0053439136,0.0088219919999999,0.02108574,0.0064631132,-0.04656232,0.0130907865,3.032896456,0.4560895820000001,23.0,66763874.0,66944119.0,106188.5,443.4357224118317,4.998554e-06,0.3875099999999999,-0.007090065,1.0,26.7027,65.7027,0.8616898000000001,51.43607,2.04918,50.9402,0.001675864,226.0,1.9339622641509435,1,1
ARAF,0.0,7.0,0.0,0.0,21.0,1.0,1.0,0.0,0.0,110.0,7.0,0.0,0.0,38.0,3.0,0.0,22.0,1.0,0.0,165.0,0.0,159,10.340668561744726,0.3118963606610297,19.56423733305053,8.594903589110126,0.0029176,0.013779471,0.023430929,0.010637551,-0.063676976,0.018181428,0.28682916,0.035087619,23.0,47420516.0,47431319.0,775214.2,443.4357224118317,2.733144e-06,0.47047,0.03801457,16.0,28.05405,60.0,0.9316594,36.09508,0.4,58.62421,0.000282272,80.0,3.102564102564102,0,1
ASXL1,0.0,21.0,0.0,1.0,37.0,10.0,0.0,0.0,6.0,235.0,38.0,0.0,0.0,103.0,3.0,0.0,37.0,11.0,0.0,406.0,0.0,341,10.636846426934907,0.29941427809678,19.574553061834926,7.92481250360578,0.078234546,0.036237612,0.11342726,0.042034797,-0.025330603,0.0048090876,0.02737605,0.000180787,20.0,30946147.0,31027121.0,780777.1,242.0,2.341719e-06,0.44678,0.05736297,22.0,58.10811,95.59459,0.9467196,145.9934,20.60656,50.18696,1.36e-05,11.0,2.75,1,1
ATM,0.0,13.0,0.0,0.0,75.0,21.0,8.0,0.0,6.0,553.0,107.0,1.0,0.0,118.0,37.0,0.0,86.0,21.0,0.0,832.0,0.0,635,9.812150525662606,0.8085489074570414,18.665663115450307,9.187352073200495,-0.031743772,0.0324447229999999,0.040505476,0.010243551,-0.14058605,0.046182755,0.134311695,0.00162483,11.0,108093559.0,108239826.0,415837.3,582.0,2.489696e-06,0.3894167,0.01619721,10.0,44.86486,94.13514,0.8988393,129.0492,15.40656,35.17429,0.001447922,135.0,6.033613445378151,1,1
ATR,0.0,8.0,0.0,3.0,25.0,10.0,1.0,0.0,2.0,409.0,44.0,0.0,0.0,113.0,20.0,0.0,26.0,10.0,0.0,599.0,0.0,445,9.313908022245588,0.5187370438832222,19.10727046650045,8.658211482751796,0.04432182,0.034075394,0.0882492659999999,0.0325035,-0.0678253,0.020588236,0.071826827,0.000498668,3.0,142168078.0,142297668.0,564755.9,403.0,2.657821e-06,0.369535,0.0237615,8.0,54.7027,93.0,0.8840769,135.4885,17.00984,36.14391,0.000313304,97.0,4.2368421052631575,0,1
AURKA,0.0,11.0,0.0,0.0,0.0,1.0,0.0,0.0,0.0,46.0,3.0,0.0,0.0,23.0,0.0,1.0,0.0,2.0,0.0,83.0,0.0,72,8.34415586157134,2.716481287208858,17.958326710244716,9.394462694610317,0.0014500860297898,0.0299711588873905,0.057367087,0.0186526400956217,-0.096697303670753,0.0309440894036777,0.4439186536272007,0.0288399977075919,20.0,54944445.0,54967351.0,254679.1,672.0,4.600709e-06,0.43013,-0.04278005,6.0,58.94595,98.94595,0.8952479999999999,140.9672,16.20328,41.30282,0.001401687,224.0,2.083333333333333,0,1
BAP1,0.0,6.0,0.0,5.0,42.0,9.0,7.0,0.0,3.0,158.0,44.0,0.0,0.0,52.0,18.0,3.0,53.0,9.0,0.0,285.0,0.0,285,10.806575520808332,0.3134313262265245,20.04047167340235,7.845490050944376,-0.042462483,0.0342301,0.03551405,0.007237195,-0.15686035,0.05182646,0.189799689,0.005599101,3.0,52435027.0,52444009.0,1078407.0,229.0,1.601197e-06,0.54928,0.06225371,31.0,42.78378,88.21621999999999,0.9290489,92.4623,8.97377,56.93854,0.000299516,45.0,4.320754716981132,1,1
BCL2,0.0,33.0,0.0,32.0,1.0,0.0,1.0,0.0,5.0,29.0,1.0,0.0,0.0,23.0,0.0,0.0,3.0,1.0,0.0,121.0,0.0,96,8.695454601205933,3.0643820452689376,17.660089930924165,9.030667136246944,-0.046909384,0.03790543,0.041297633,0.010950209,-0.14877774,0.049675,4.425341121000001,0.295729212,18.0,60790579.0,60986613.0,207116.5,522.0,2.484001e-06,0.4313832999999999,0.06028997,5.0,37.35135,77.78378000000001,0.7273774000000001,92.85902,5.481967,59.85281,0.000752638,96.0,1.25,1,1
BRAF,0.0,9.0,0.0,0.0,7.0,1.0,7.0,0.0,0.0,837.0,17.0,0.0,0.0,44.0,7.0,0.0,15.0,2.0,0.0,912.0,0.0,797,7.1511509568107865,0.6456797975221066,18.219356201577583,9.269126679149418,0.055483073,0.03476184,0.09798444,0.031567186,-0.07273199,0.02251437,0.332247826,0.005149957,7.0,140433815.0,140624564.0,305190.7,616.0,3.162551e-06,0.40297,0.02459647,10.0,48.67568,93.32432,0.8873112,134.6033,15.04262,38.43735,4.78e-05,42.0,19.155555555555555,1,1
BRCA1,5.0,1.0,0.0,1.0,19.0,8.0,2.0,0.0,2.0,244.0,39.0,0.0,0.0,62.0,9.0,1.0,21.0,9.0,0.0,363.0,0.0,314,8.200344679975881,1.5622601154133748,20.48367999873901,7.658211482751795,-0.0024378137,0.02484179,0.053351436,0.011905657,-0.09858228,0.03253014,2.628634602,0.106627125,17.0,41196313.0,41277500.0,1466229.0,201.0,2.172463e-06,0.46607,0.02652095,38.0,58.97297,98.67568,0.9199338,169.882,30.209840000000003,39.3769,0.011628643,560.0,4.761904761904762,1,1
BRCA2,0.0,6.0,0.0,3.0,50.0,25.0,4.0,0.0,1.0,554.0,72.0,0.0,0.0,115.0,8.0,0.0,54.0,25.0,0.0,759.0,0.0,515,6.5351253311284925,2.9345554137837326,17.755650444743303,8.854868383260236,-0.033364106,0.042727545,0.053478934,0.01960151,-0.14494678,0.050303634,0.867041903,0.0268838,13.0,32889617.0,32973809.0,221300.0,462.0,2.481931e-06,0.394025,0.04401204,5.0,50.13514,97.48649,0.9404518,113.8426,10.00328,34.61398,0.0003139679999999,67.0,5.681034482758621,1,1
BRD2,0.0,9.0,0.0,35.0,10.0,9.0,5.0,0.0,1.0,124.0,12.0,0.0,0.0,50.0,4.0,0.0,19.0,11.0,0.0,229.0,0.0,221,12.316266480494551,0.2250505060710472,20.284149712182973,8.754887502163468,0.0014500860297898,0.0299711588873905,0.057367087,0.0186526400956217,-0.096697303670753,0.0309440894036777,0.096049826,0.000534,6.0,32936437.0,32949281.0,1276842.0,431.0,2.9373180000000003e-06,0.42127,0.03992447,32.0,53.40541,97.56757,0.9475944,127.5541,13.39016,48.87366,9.94e-06,17.0,2.92156862745098,0,1
BRD3,10.0,35.0,0.0,5.0,11.0,1.0,3.0,0.0,14.0,107.0,7.0,0.0,0.0,71.0,3.0,0.0,25.0,1.0,0.0,241.0,0.0,206,9.946899680043677,0.4946478953890364,18.91874796051572,8.640244936222345,0.0014500860297898,0.0299711588873905,0.057367087,0.0186526400956217,-0.096697303670753,0.0309440894036777,0.081546065,0.000693058,9.0,136895454.0,136933141.0,495575.4,398.0,2.572817e-06,0.55118,0.03981808,22.0,43.40541,84.40541,0.8737193000000001,81.2,6.062295,57.43861,2.7399999999999995e-05,16.0,1.6388888888888888,0,1
BRD4,0.0,9.0,0.0,3.0,8.0,3.0,3.0,0.0,37.0,222.0,14.0,0.0,0.0,102.0,3.0,0.0,14.0,3.0,0.0,387.0,0.0,293,10.829991579149286,0.3505290104509045,19.08753587335197,8.57742882803575,0.0014500860297898,0.0299711588873905,0.057367087,0.0186526400956217,-0.096697303670753,0.0309440894036777,0.562468913,0.055765365,19.0,15348302.0,15391262.0,557083.2,381.0,3.355463e-06,0.52383,0.02000247,27.0,42.67568,82.05405,0.9020759,108.2426,15.31148,56.25842,0.00016228,65.0,2.349514563106796,0,1
CCND1,0.0,20.0,0.0,7.0,1.0,0.0,6.0,2.0,1.0,62.0,6.0,0.0,0.0,26.0,1.0,0.0,11.0,3.0,0.0,118.0,0.0,119,11.942524037970994,3.304132716752969,18.75183103710777,9.068778277985412,0.05142758,0.09564712,0.11340715,0.12267147,-0.07283852,0.018326795,7.306355839,0.36803722,11.0,69455873.0,69469241.0,441430.8,536.0,2.854639e-06,0.48003,0.04094218,10.0,63.64865,72.32432,0.8834812,99.8459,7.944261999999999,62.12554,0.000304666,78.0,2.6296296296296298,0,1
CCND2,0.0,113.0,0.0,9.0,1.0,0.0,1.0,0.0,0.0,49.0,6.0,0.0,0.0,38.0,5.0,0.0,18.0,5.0,3.0,196.0,0.0,147,10.114093908895068,3.7144279985254256,18.219144408523867,9.749869427396844,0.0014500860297898,0.0299711588873905,0.057367087,0.0186526400956217,-0.096697303670753,0.0309440894036777,1.404045549,0.253160736,12.0,4382902.0,4414521.0,305145.9,860.0,3.200039e-06,0.445825,0.03503973,4.0,51.24324,93.94595,0.8631766,111.3443,11.93115,55.10081,1.7e-05,23.0,1.5384615384615383,0,1
CCND3,0.0,13.0,0.0,0.0,0.0,1.0,0.0,0.0,14.0,32.0,1.0,0.0,0.0,11.0,0.0,0.0,0.0,1.0,0.0,71.0,0.0,67,10.533634413465736,0.7849447684873803,18.835768242812573,7.546894459887638,0.0014500860297898,0.0299711588873905,0.057367087,0.0186526400956217,-0.096697303670753,0.0309440894036777,0.4439186536272007,0.0288399977075919,6.0,41902672.0,42016610.0,467875.5,186.0,2.32955e-06,0.46436,0.04116039,22.0,47.0,82.32432,0.8090078,77.80984000000001,4.816393,59.8328,0.000178692,48.0,2.833333333333333,0,1
CCNE1,0.0,28.0,0.0,0.0,1.0,0.0,1.0,0.0,4.0,72.0,4.0,0.0,0.0,25.0,4.0,0.0,5.0,3.0,0.0,131.0,0.0,116,7.016245628862145,3.019967191402768,17.35405305074562,9.252665432450248,0.0014500860297898,0.0299711588873905,0.057367087,0.0186526400956217,-0.096697303670753,0.0309440894036777,0.4439186536272007,0.0288399977075919,19.0,30302901.0,30315218.0,167528.2,609.0,5.301663e-06,0.5038199999999999,-0.03267048,6.0,69.64865,91.08108,0.9333224,138.4951,19.63279,45.72228,0.000208404,70.0,3.076923076923077,0,1
CDH1,0.0,25.0,0.0,1.0,50.0,37.0,9.0,0.0,1.0,173.0,41.0,0.0,0.0,50.0,29.0,0.0,68.0,41.0,0.0,307.0,0.0,365,11.466600278109087,11.056224975368364,19.817683989283854,7.912889336229964,-0.03335244,0.036356024,0.04868095,0.011068961,-0.13376297,0.04899103,1.134385708,0.110970377,16.0,68771195.0,68869444.0,924095.5,240.0,1.793947e-06,0.481855,0.03016505,23.0,50.78378,95.51351,0.8880184999999999,130.8787,15.25574,47.96003,0.000395585,86.0,5.490196078431373,1,1
CDK12,0.0,11.0,3.0,5.0,28.0,12.0,3.0,2.0,0.0,253.0,26.0,0.0,0.0,66.0,5.0,0.0,34.0,16.0,0.0,364.0,0.0,339,10.18655373824213,0.5346525687828968,20.42633028260349,7.906890595608518,0.020035202,0.064270414,0.08287646,0.072127156,-0.09282814,0.030333932,0.4439186536272007,0.0288399977075919,17.0,37617739.0,37690799.0,1409087.0,239.0,2.282342e-06,0.45166,0.02758249,20.0,53.62161999999999,97.67568,0.9348665,151.4,19.67869,47.58332,0.0001488429999999,25.0,4.447761194029851,0,1
CDK4,0.0,8.0,0.0,1.0,2.0,2.0,2.0,0.0,0.0,58.0,2.0,0.0,0.0,18.0,0.0,0.0,4.0,2.0,0.0,87.0,0.0,80,11.44164311568854,0.6562086329250704,20.146750134777488,8.430452551665532,0.04389504,0.06937762,0.08832624,0.08941204,-0.05320592,0.011855687,0.290734886,0.004255677,12.0,58142005.0,58146164.0,1160849.0,344.0,2.386428e-06,0.46755,0.03909095,39.0,56.10811,98.7027,0.9091528,169.3148,26.49508,50.919,0.001104291,138.0,3.263157894736842,0,1
CDK6,0.0,42.0,0.0,0.0,0.0,0.0,0.0,0.0,0.0,54.0,4.0,0.0,0.0,32.0,1.0,0.0,0.0,0.0,0.0,133.0,0.0,109,6.681498285286242,2.68894983812042,19.41218589349573,8.861086905995395,0.0014500860297898,0.0299711588873905,0.057367087,0.0186526400956217,-0.096697303670753,0.0309440894036777,0.09611205,0.001259438,7.0,92234237.0,92465941.0,697669.3,464.0,2.782436e-06,0.38543,0.02622337,11.0,58.21621999999999,91.91892,0.7940307,87.89508000000001,6.5868850000000005,44.16657,0.000624097,113.0,1.7878787878787878,0,1
CDKN1A,0.0,25.0,0.0,0.0,20.0,20.0,0.0,0.0,4.0,50.0,12.0,0.0,0.0,9.0,1.0,4.0,22.0,21.0,0.0,102.0,0.0,123,6.681498285286242,2.68894983812042,19.78702604515433,7.839203788096943,0.018781308,0.025967745,0.064196505,0.020236423,-0.0758246,0.0246627,0.190390197,0.002368531,6.0,36646459.0,36655108.0,904665.2,228.0,2.033014e-06,0.47135,0.03706989,18.0,46.97297,89.56756999999999,0.8663402,106.0689,14.16393,59.42091,0.002383785,260.0,8.3,0,1
CDKN1B,0.0,34.0,0.0,12.0,14.0,13.0,0.0,0.0,0.0,21.0,18.0,0.0,0.0,8.0,5.0,0.0,21.0,16.0,0.0,88.0,0.0,110,6.681498285286242,2.68894983812042,19.59392266119365,7.098032082960527,0.024065882,0.037929486,0.07726821,0.030628713,-0.088880666,0.03466672,0.08496011,0.000315328,12.0,12870302.0,12875305.0,791330.5,136.0,2.538853e-06,0.41858,0.04355617,10.0,50.45946,91.59459,0.9257138,115.682,12.8623,51.76725,0.000351369,73.0,6.333333333333333,0,1
CDKN2A,3.0,27.0,1.0,1.0,55.0,19.0,15.0,1.0,0.0,174.0,150.0,0.0,0.0,31.0,36.0,0.0,75.0,23.0,0.0,415.0,0.0,443,6.681498285286242,2.68894983812042,17.782163192812593,8.483815777264255,-0.13693155,0.25531632,0.04049112,0.011707412,-0.34221733,0.45863917,0.499665852,0.078922908,9.0,21967752.0,21994490.0,225404.5,357.0,2.759957e-06,0.39023,-0.01478296,20.0,25.94595,53.35135,0.9382202,104.5311,15.19016,60.59624,0.0009592489999999,141.0,11.875,1,1
CDKN2B,0.0,2.0,0.0,10.0,0.0,0.0,0.0,0.0,2.0,17.0,0.0,0.0,0.0,13.0,0.0,0.0,0.0,0.0,0.0,44.0,0.0,43,6.681498285286242,2.68894983812042,17.557646180927602,7.734709620225838,0.0014500860297898,0.0299711588873905,0.057367087,0.0186526400956217,-0.096697303670753,0.0309440894036777,1.31234887,0.0897846619999999,9.0,22002906.0,22009312.0,192919.4,212.0,2.848581e-06,0.39816,-0.02085101,19.0,31.75676,63.24324,0.8758581,36.53115,0.0,65.79004,1.49e-05,15.0,1.2142857142857142,0,1
CEBPA,0.0,21.0,0.0,1.0,0.0,0.0,0.0,0.0,0.0,12.0,1.0,1.0,0.0,9.0,0.0,0.0,2.0,0.0,0.0,43.0,0.0,39,6.681498285286242,2.68894983812042,18.438345976105342,8.997179480937621,0.025163636,0.03341806,0.08231337,0.033592045,-0.06362316,0.020192904,0.082492445,0.013871346,19.0,33790842.0,33793430.0,355217.2,510.0,2.814949e-06,0.54086,-0.0094706269999999,16.0,31.62162,58.0,0.8767306,54.73115,0.2655737999999999,64.33288,0.000681788,94.0,1.3,1,1
CREBBP,0.0,29.0,0.0,4.0,48.0,14.0,8.0,0.0,3.0,486.0,69.0,0.0,0.0,168.0,22.0,0.0,64.0,15.0,0.0,772.0,0.0,579,6.681498285286242,2.68894983812042,19.28295152895421,7.92481250360578,0.0084534969999999,0.026839633,0.06582443,0.017121743,-0.07926645,0.02897311,0.53270203,0.028629562,16.0,3775058.0,3930121.0,637890.5,242.0,1.7274770000000002e-06,0.4682733,0.03916608,35.0,43.40541,87.21621999999999,0.9093251,121.4951,14.87869,52.7857,0.003370096,305.0,3.497041420118343,1,1
CRKL,1.0,27.0,0.0,4.0,0.0,0.0,0.0,0.0,0.0,42.0,3.0,0.0,0.0,26.0,0.0,0.0,1.0,0.0,0.0,102.0,0.0,88,6.681498285286242,2.68894983812042,18.99831248277468,7.592457037268081,0.0014500860297898,0.0299711588873905,0.057367087,0.0186526400956217,-0.096697303670753,0.0309440894036777,0.031687699,0.00011836,22.0,21271714.0,21308037.0,523674.1,192.0,4.276486e-06,0.4873949999999999,0.04884558,10.0,55.51351,91.86486,0.9304696,179.4689,28.80656,48.71829,0.000412825,75.0,1.6666666666666667,0,1
CTNNB1,0.0,17.0,0.0,4.0,12.0,0.0,10.0,1.0,8.0,454.0,11.0,0.0,0.0,42.0,5.0,0.0,25.0,2.0,0.0,537.0,0.0,463,6.681498285286242,2.68894983812042,18.22228643682033,8.810571634741146,-0.034014404,0.028665004,0.037370477,0.008275896,-0.14294855,0.0401384,0.092356857,0.000569794,3.0,41240942.0,41281939.0,305811.2,448.0,2.668469e-06,0.4276399999999999,0.007941789,9.0,48.32432,97.35135,0.918396,144.5934,20.41967,42.17447,0.005164634,276.0,10.953488372093023,1,1
DDR2,0.0,7.0,0.0,1.0,1.0,2.0,0.0,0.0,1.0,199.0,13.0,0.0,0.0,66.0,2.0,0.0,1.0,2.0,0.0,289.0,0.0,237,6.681498285286242,2.68894983812042,18.301088432401848,8.199672344836364,0.0014500860297898,0.0299711588873905,0.057367087,0.0186526400956217,-0.096697303670753,0.0309440894036777,1.4508050609999998,0.110838107,1.0,162602228.0,162750237.0,322979.7,293.0,3.641523e-06,0.4022449999999999,0.009016348,10.0,58.16216,98.94595,0.8750103000000001,160.5967,25.74754,46.1877,2.93e-06,8.0,3.2238805970149254,0,1
DNMT3A,0.0,44.0,0.0,6.0,19.0,4.0,0.0,0.0,22.0,194.0,19.0,0.0,0.0,90.0,8.0,0.0,25.0,8.0,0.0,373.0,0.0,331,6.681498285286242,2.68894983812042,18.3327551286635,8.164906926675688,0.019898307,0.015747938,0.05178764,0.011559531,-0.06455066,0.0170171239999999,0.707465997,0.023865857,2.0,25455846.0,25565459.0,330147.4,286.0,1.883888e-06,0.51013,0.04312737,8.0,48.2973,89.7027,0.8629020000000001,106.177,11.46557,57.43945,0.000315464,52.0,2.4725274725274726,1,1
EGFR,0.0,17.0,0.0,0.0,3.0,1.0,29.0,7.0,96.0,434.0,23.0,0.0,0.0,124.0,4.0,0.0,36.0,8.0,0.0,694.0,0.0,540,6.681498285286242,2.68894983812042,18.691968718261467,8.396604781181859,0.108843386,0.15793543,0.15257256,0.19007403,-0.045978792,0.013418733,0.211434287,0.025857814,7.0,55086725.0,55275030.0,423489.1,336.0,4.011396e-06,0.41849,-0.01337574,3.0,180.8649,94.05405,0.8729966999999998,141.4164,15.1082,50.51123,0.017936716,800.0,3.752,1,1
EPHA3,0.0,70.0,0.0,20.0,25.0,2.0,0.0,0.0,16.0,399.0,35.0,1.0,0.0,129.0,14.0,0.0,29.0,4.0,0.0,678.0,0.0,509,6.681498285286242,2.68894983812042,14.731600647311836,8.594903589110126,-0.009784317,0.028347572,0.049070332,0.01470795,-0.11764126,0.03536534,0.333061822,0.04586864,3.0,89156674.0,89531282.0,27204.31,443.4357224118317,6.382534000000001e-06,0.3467739999999999,-0.01833294,1.0,48.27027,96.40541,0.8772321,141.2557,18.85902,42.55777,3.88e-05,17.0,3.4615384615384617,0,1
ERBB2,0.0,5.0,0.0,1.0,6.0,1.0,1.0,6.0,16.0,313.0,5.0,0.0,0.0,96.0,7.0,0.0,8.0,7.0,0.0,442.0,0.0,363,6.681498285286242,2.68894983812042,20.293329069682787,7.826548487290915,0.031335298,0.09107986,0.09801236,0.112934776,-0.09005468,0.028468594,0.836267622,0.148268136,17.0,37844393.0,37884914.0,1284992.0,226.0,2.187234e-06,0.55466,0.03763767,25.0,49.10811,92.97297,0.9064641,116.1115,10.36066,58.98723,0.0006619839999999,122.0,3.422680412371134,1,1
ERBB3,0.0,26.0,0.0,4.0,5.0,9.0,5.0,2.0,49.0,339.0,11.0,0.0,0.0,74.0,3.0,0.0,14.0,12.0,0.0,501.0,0.0,394,6.681498285286242,2.68894983812042,21.36087761855879,7.754887502163467,0.024580918,0.01948339,0.061483048,0.018271798,-0.05504213,0.012821202,0.318987348,0.028297443,12.0,56473892.0,56497127.0,2693176.0,215.0,2.611591e-06,0.47967,0.03766619,34.0,54.27027,98.21622,0.9231179,164.7148,27.055740000000004,50.6643,0.000259141,73.0,4.8533333333333335,0,1
ERBB4,0.0,96.0,0.0,12.0,20.0,6.0,0.0,1.0,27.0,501.0,43.0,0.0,0.0,118.0,24.0,0.0,28.0,10.0,0.0,810.0,0.0,596,6.681498285286242,2.68894983812042,14.33755779317644,10.197216693110052,-0.0021805528,0.018639797,0.03931504,0.007290156,-0.09317615,0.031475224,0.157637227,0.041982009,2.0,212240442.0,213403352.0,20702.08,1173.0,4.926638e-06,0.3483192,-0.0053591069999999,1.0,44.89189,93.0,0.8329030999999999,111.6,10.31475,41.81202,0.00014678,46.0,4.831932773109243,0,1
ERCC2,0.0,17.0,0.0,1.0,1.0,0.0,1.0,0.0,28.0,142.0,4.0,1.0,0.0,57.0,2.0,0.0,4.0,4.0,0.0,246.0,0.0,220,6.681498285286242,2.68894983812042,20.288230754939764,7.754887502163467,0.00066979806,0.026704054,0.061312176,0.01761079,-0.082977824,0.027179386,0.189623962,0.008503651,19.0,45854649.0,45873845.0,1280459.0,215.0,2.123429e-06,0.5236,0.02319392,30.0,44.54054,82.51351,0.8829578000000001,85.50492,7.557377000000001,59.67763000000001,3.21e-05,32.0,2.5517241379310347,0,1
ERG,0.0,37.0,0.0,4.0,9.0,1.0,1.0,0.0,15.0,118.0,7.0,0.0,0.0,54.0,4.0,1.0,11.0,2.0,0.0,238.0,0.0,202,6.681498285286242,2.68894983812042,17.307978097901813,8.710806433699354,0.0014500860297898,0.0299711588873905,0.057367087,0.0186526400956217,-0.096697303670753,0.0309440894036777,0.595893408,0.101678374,21.0,39751952.0,40033704.0,162262.4,418.0,2.7448020000000004e-06,0.4220875,0.004462245,4.0,46.67568,97.05405,0.8044658,89.70164,5.583607,48.49695,7.780000000000001e-05,77.0,2.363636363636364,0,1
ERRFI1,0.0,24.0,0.0,3.0,11.0,5.0,0.0,0.0,9.0,71.0,6.0,0.0,0.0,20.0,2.0,0.0,12.0,5.0,0.0,134.0,0.0,123,6.681498285286242,2.68894983812042,18.563240223447146,7.700439718141093,0.0014500860297898,0.0299711588873905,0.057367087,0.0186526400956217,-0.096697303670753,0.0309440894036777,0.4439186536272007,0.0288399977075919,1.0,8071780.0,8086393.0,387338.8,207.0,1.906345e-06,0.45277,0.0258147,7.0,53.16216,98.97297,0.9708851,210.1574,41.90164,45.37861,8.57e-06,10.0,4.0,0,1
ESR1,0.0,50.0,0.0,4.0,4.0,1.0,3.0,0.0,2.0,134.0,11.0,0.0,0.0,52.0,3.0,0.0,12.0,3.0,0.0,249.0,0.0,221,6.681498285286242,2.68894983812042,17.75595420528452,9.152284842306582,-0.035051964,0.033634994,0.039320547,0.011072869,-0.13882452,0.046632174,1.438874975,0.264693394,6.0,152011631.0,152424406.0,221346.6,568.0,3.996023e-06,0.39642,-0.0001700249,7.0,46.48649,87.97296999999999,0.8098083,92.40328,7.406557,50.50163,0.0072868559999999,630.0,2.811320754716981,0,1
ETV1,0.0,40.0,0.0,8.0,9.0,2.0,0.0,0.0,25.0,114.0,8.0,0.0,0.0,53.0,6.0,0.0,12.0,4.0,0.0,249.0,0.0,204,6.681498285286242,2.68894983812042,15.502920354090092,9.951284714966974,0.0014500860297898,0.0299711588873905,0.057367087,0.0186526400956217,-0.096697303670753,0.0309440894036777,0.252723973,0.038574765,7.0,13930858.0,14031050.0,46433.85,989.0,5.58858e-06,0.371725,-0.01588177,1.0,51.48649,97.37838,0.8558177,84.89836,10.51475,43.7912,0.000110432,18.0,2.4074074074074074,0,1
ETV4,0.0,9.0,0.0,0.0,4.0,1.0,0.0,0.0,4.0,56.0,3.0,0.0,0.0,40.0,2.0,0.0,4.0,1.0,0.0,114.0,0.0,91,6.681498285286242,2.68894983812042,20.060430752582946,7.219168520462161,0.0014500860297898,0.0299711588873905,0.057367087,0.0186526400956217,-0.096697303670753,0.0309440894036777,0.126014984,0.001575297,17.0,41605212.0,41623762.0,1093430.0,148.0,2.2587540000000003e-06,0.4718199999999999,0.02130996,33.0,46.97297,91.32432,0.8867062,118.518,16.45574,55.10098000000001,2.04e-05,11.0,1.5121951219512195,0,1
ETV5,0.0,26.0,0.0,6.0,6.0,1.0,0.0,0.0,8.0,96.0,8.0,0.0,0.0,30.0,6.0,2.0,10.0,1.0,0.0,178.0,0.0,154,6.681498285286242,2.68894983812042,19.574127273777325,8.63662462054365,0.0014500860297898,0.0299711588873905,0.057367087,0.0186526400956217,-0.096697303670753,0.0309440894036777,0.111123037,0.007044283,3.0,185764108.0,185826901.0,780546.7,397.0,2.594096e-06,0.431595,0.03550244,9.0,65.32432,98.56757,0.90676,206.0098,29.70164,47.941390000000006,0.00018964,20.0,3.5806451612903225,0,1
ETV6,0.0,31.0,0.0,10.0,10.0,4.0,1.0,0.0,0.0,110.0,9.0,0.0,0.0,34.0,3.0,0.0,13.0,4.0,0.0,195.0,0.0,165,6.681498285286242,2.68894983812042,17.833025952502535,9.29920801838728,0.028798146,0.03988207,0.08120573,0.035938233,-0.083976805,0.029744018,0.060538275,0.000419158,12.0,11802788.0,12048323.0,233493.0,629.0,2.614755e-06,0.4284933,0.03109082,18.0,55.08108000000001,96.02703,0.8495520000000001,164.0721,27.9541,49.19241,0.000109579,32.0,3.6,0,1
EWSR1,3.0,8.0,13.0,0.0,8.0,1.0,1.0,0.0,7.0,109.0,13.0,1.0,0.0,37.0,2.0,0.0,16.0,1.0,0.0,186.0,0.0,173,6.681498285286242,2.68894983812042,19.70526265613335,7.977279923499918,0.0014500860297898,0.0299711588873905,0.057367087,0.0186526400956217,-0.096697303670753,0.0309440894036777,0.043860968,0.000160435,22.0,29663998.0,29696514.0,854819.9,251.0,2.235194e-06,0.5018,0.05051948,11.0,52.48649,95.75676,0.8713408000000001,115.5082,12.93115,48.30721,0.00380071,235.0,3.289473684210526,0,1
EZH2,0.0,6.0,0.0,0.0,6.0,2.0,0.0,0.0,1.0,141.0,15.0,0.0,0.0,48.0,2.0,0.0,7.0,2.0,0.0,212.0,0.0,171,6.681498285286242,2.68894983812042,19.10615855704124,8.76487159073609,0.051362485,0.036074214,0.096894905,0.03088963,-0.081208095,0.02756225,0.06078486,0.00034749,7.0,148504475.0,148581414.0,564320.8,434.0,3.171886e-06,0.4021,0.01332411,4.0,53.94595,98.64865,0.8820624,138.3115,20.02951,40.07075,0.001402786,244.0,3.26530612244898,1,1
FBXW7,0.0,34.0,0.0,5.0,35.0,19.0,3.0,2.0,52.0,367.0,107.0,0.0,0.0,32.0,11.0,0.0,49.0,27.0,0.0,591.0,0.0,550,6.681498285286242,2.68894983812042,16.839796750122435,8.971543553950774,-0.037332084,0.025557594,0.031287502,0.0074542793,-0.122425996,0.034928832,0.105690821,0.001015463,4.0,153242411.0,153456172.0,117295.2,501.0,2.043564e-06,0.3723933,0.05094051,3.0,43.18919,90.08108,0.898533,123.0,15.86885,40.63151,0.00082627,96.0,15.333333333333334,1,1
FGFR1,0.0,26.0,0.0,3.0,1.0,1.0,0.0,0.0,28.0,145.0,6.0,0.0,0.0,66.0,4.0,0.0,2.0,1.0,0.0,277.0,0.0,228,6.681498285286242,2.68894983812042,19.681854515871,8.57742882803575,0.013592087,0.08080154,0.100147605,0.07112533,-0.14788735,0.05880755,0.720673177,0.023631984,8.0,38268657.0,38326352.0,841062.1,381.0,2.329716e-06,0.440255,0.04749547,18.0,51.59459,95.91892,0.8639174999999999,116.282,13.3377,54.18917,0.00027044,44.0,2.328358208955224,0,1
FGFR2,40.0,0.0,0.0,9.0,8.0,5.0,2.0,4.0,31.0,269.0,9.0,0.0,0.0,59.0,3.0,1.0,16.0,12.0,0.0,412.0,0.0,323,6.681498285286242,2.68894983812042,17.639627579711057,8.59618975614441,-0.037000604,0.038229153,0.041446686,0.018942904,-0.13816085,0.04493292,0.1747763239999999,0.018282617,10.0,123237845.0,123357972.0,204199.6,386.0,2.242329e-06,0.44943,-0.008783812,3.0,51.21622,96.62162,0.8863514000000001,133.4689,16.13443,47.55254,6.55e-05,21.0,4.833333333333333,1,1
FGFR3,0.0,32.0,0.0,0.0,7.0,1.0,0.0,0.0,18.0,180.0,3.0,0.0,0.0,70.0,1.0,0.0,8.0,2.0,0.0,302.0,0.0,244,6.681498285286242,2.68894983812042,19.71295111397297,7.800899899920305,-0.0193886,0.031369213,0.047988664,0.018744614,-0.11356574,0.033802953,0.043991275,0.003794586,4.0,1795039.0,1810599.0,859387.6,222.0,2.373401e-06,0.57491,0.04176044,19.0,32.48649,59.72973,0.9197454,58.09508,5.016393,65.56951,0.000330134,38.0,2.605633802816901,1,1
FLCN,0.0,5.0,0.0,1.0,3.0,2.0,1.0,0.0,17.0,68.0,13.0,1.0,0.0,39.0,4.0,1.0,4.0,2.0,0.0,149.0,0.0,139,6.681498285286242,2.68894983812042,19.79576588893952,7.774787059601174,0.0014500860297898,0.0299711588873905,0.057367087,0.0186526400956217,-0.096697303670753,0.0309440894036777,0.0881476569999999,0.000451443,17.0,17115529.0,17140502.0,910162.3,218.0,2.210844e-06,0.51305,0.01129745,13.0,43.18919,88.78378000000001,0.9076244,121.4984,17.12787,57.18035,1.11e-05,9.0,2.175,0,1
FLT3,0.0,19.0,0.0,0.0,5.0,4.0,0.0,0.0,2.0,225.0,25.0,0.0,0.0,84.0,15.0,0.0,6.0,4.0,0.0,369.0,0.0,287,6.681498285286242,2.68894983812042,18.400798152345704,9.264442600226602,-0.028486986,0.041428544,0.055265438,0.022289244,-0.13791147,0.045298964,0.458867285,0.102589681,13.0,28577412.0,28674729.0,346091.5,614.0,3.0097930000000004e-06,0.446165,0.04212426,12.0,52.35135,95.56757,0.8730098,120.3574,14.10164,39.53419,5.36e-06,12.0,3.164705882352941,1,1
GNA11,0.0,12.0,0.0,0.0,3.0,0.0,0.0,0.0,1.0,97.0,2.0,0.0,0.0,40.0,2.0,0.0,3.0,0.0,0.0,154.0,0.0,135,6.681498285286242,2.68894983812042,19.9320532334389,7.442943495848727,-0.027118072,0.034354106,0.04670034,0.0100437,-0.11321515,0.048942395,0.295200841,0.032700034,19.0,3094408.0,3121452.0,1000335.0,173.0,2.675085e-06,0.5441199999999999,0.0254863,31.0,37.7027,69.10811,0.9015337,91.68852,8.278689,63.868480000000005,0.000111318,28.0,2.463414634146341,1,1
GNAQ,0.0,32.0,0.0,1.0,4.0,1.0,0.0,0.0,0.0,99.0,10.0,0.0,0.0,20.0,0.0,0.0,6.0,2.0,0.0,159.0,0.0,145,6.681498285286242,2.68894983812042,18.32545259503061,9.39231742277876,-0.021800576,0.025131255,0.043006334,0.009402548,-0.11464263,0.033029594,0.052330474,0.001647516,9.0,80335200.0,80646192.0,328480.5,671.0,2.6813080000000003e-06,0.3986775,-0.02381614,5.0,46.10811,86.94595,0.8297949,116.2131,15.12131,42.66221,0.000407001,58.0,5.238095238095238,1,1
GNAS,0.0,7.0,0.0,2.0,3.0,4.0,0.0,0.0,21.0,268.0,12.0,1.0,0.0,104.0,1.0,0.0,3.0,4.0,0.0,416.0,0.0,336,6.681498285286242,2.68894983812042,19.96795233288861,8.703903573444663,0.080809645,0.04126893,0.12043856,0.0470071059999999,-0.031887036,0.0077864937,12.10226151,0.53712621,20.0,57414795.0,57486249.0,1025539.0,416.0,3.263479e-06,0.49821,0.01090913,7.0,45.56757,81.2973,0.9065951,96.45246,10.79672,53.63692,0.000543496,61.0,2.7142857142857144,1,1
HRAS,0.0,5.0,0.0,4.0,1.0,0.0,0.0,1.0,10.0,143.0,2.0,0.0,0.0,8.0,0.0,0.0,4.0,1.0,0.0,169.0,0.0,163,6.681498285286242,2.68894983812042,20.909779577906527,7.888743248898258,-0.031046163,0.027115475,0.035561085,0.007564154,-0.1262163,0.039656762,0.4439186536272007,0.0288399977075919,11.0,532243.0,535550.0,1970020.0,236.0,2.9721550000000003e-06,0.57226,0.0415969,44.0,39.75676,74.56756999999999,0.9179915,92.88852,6.701639,63.37628,0.000264187,65.0,16.22222222222222,1,1
IDH1,1.0,11.0,0.0,2.0,4.0,3.0,0.0,0.0,0.0,551.0,4.0,0.0,0.0,16.0,2.0,0.0,4.0,5.0,0.0,585.0,0.0,577,6.681498285286242,2.68894983812042,17.990193176431262,9.076815597050832,0.001938822,0.015708273,0.04067348,0.007949388,-0.085202634,0.022196578,0.105898306,0.002753539,2.0,209100954.0,209119806.0,260367.1,539.0,3.381508e-06,0.42101,0.0167467,12.0,53.51351,98.24324,0.9023753,119.0492,11.30492,41.97784,0.000129593,50.0,32.94117647058823,1,1
IDH2,0.0,4.0,0.0,0.0,5.0,4.0,1.0,1.0,1.0,86.0,2.0,0.0,0.0,20.0,1.0,0.0,7.0,6.0,0.0,112.0,0.0,106,6.681498285286242,2.68894983812042,19.69967970392811,7.592457037268081,-0.0002860314,0.024747191,0.054448836,0.017913556,-0.08891032,0.023108762,0.4439186536272007,0.0288399977075919,15.0,90627214.0,90645708.0,851518.3,192.0,2.309423e-06,0.50917,0.0381749,17.0,46.13514,87.56756999999999,0.8990256999999999,130.5344,16.68525,57.58671,8.93e-06,14.0,4.476190476190476,1,1
IGF1R,0.0,132.0,0.0,3.0,11.0,4.0,3.0,1.0,0.0,210.0,11.0,0.0,0.0,125.0,3.0,0.0,33.0,10.0,0.0,460.0,0.0,336,6.681498285286242,2.68894983812042,17.631454186175308,8.879583249612784,0.0014500860297898,0.0299711588873905,0.057367087,0.0186526400956217,-0.096697303670753,0.0309440894036777,0.124572433,0.018354508,15.0,99192761.0,99507758.0,203046.0,470.0,2.910253e-06,0.443762,-0.02748381,3.0,51.16216,94.78378,0.861361,110.1344,10.37705,51.46211,0.000631167,52.0,1.8174603174603168,0,1
JAK2,0.0,19.0,0.0,4.0,7.0,4.0,0.0,0.0,1.0,158.0,45.0,0.0,0.0,57.0,10.0,0.0,10.0,5.0,0.0,290.0,0.0,220,6.681498285286242,2.68894983812042,17.96401307865754,9.310612781659527,-0.037929375,0.048232585,0.05478021,0.024946721,-0.15674806,0.05294586,0.4439186536272007,0.0288399977075919,9.0,4985245.0,5128182.0,255684.9,634.0,2.221917e-06,0.39087,0.02805088,8.0,43.40541,92.94595,0.8125829999999999,128.7967,17.41311,34.23618,0.0005218,96.0,3.7413793103448274,1,1
JAK3,0.0,21.0,0.0,0.0,9.0,3.0,0.0,0.0,5.0,184.0,7.0,0.0,0.0,79.0,3.0,0.0,11.0,3.0,0.0,297.0,0.0,262,6.681498285286242,2.68894983812042,20.214144778923828,7.734709620225838,0.011975107,0.025755621,0.0660373,0.02123942,-0.06520852,0.022075245,0.4439186536272007,0.0288399977075919,19.0,17935595.0,17958841.0,1216364.0,212.0,2.707953e-06,0.53112,0.03707445,31.0,42.13514,82.94595,0.933524,105.7607,14.40984,58.9879,9.79e-05,48.0,2.4625,1,1
KDR,0.0,23.0,0.0,9.0,10.0,4.0,1.0,0.0,0.0,415.0,39.0,0.0,0.0,146.0,14.0,0.0,14.0,4.0,0.0,643.0,0.0,457,6.681498285286242,2.68894983812042,17.418560901418406,9.4655664048094,0.0014500860297898,0.0299711588873905,0.057367087,0.0186526400956217,-0.096697303670753,0.0309440894036777,0.149402758,0.033182912,4.0,55944427.0,55991762.0,175189.0,706.0,3.349247e-06,0.39404,0.002962429,3.0,53.48649,97.86486,0.8811638,127.1967,14.01311,43.26744,4.5e-05,31.0,3.2108843537414966,0,1
KIT,0.0,49.0,0.0,5.0,2.0,2.0,1.0,2.0,0.0,283.0,17.0,0.0,0.0,79.0,11.0,0.0,6.0,6.0,0.0,439.0,0.0,339,6.681498285286242,2.68894983812042,16.500832234177402,9.344295907915816,-0.0030407296,0.03278809,0.053345773,0.03181971,-0.09004211,0.021809736,0.169940458,0.029503724,4.0,55524095.0,55606879.0,92734.38,649.0,3.494402e-06,0.40931,0.0004208712,4.0,52.7027,97.72973,0.8809302999999999,119.3803,12.24262,41.8746,0.000193375,40.0,3.9375,1,1
KRAS,35.0,24.0,0.0,1.0,0.0,1.0,0.0,2.0,1.0,832.0,3.0,0.0,0.0,22.0,0.0,0.0,10.0,8.0,0.0,903.0,0.0,832,6.681498285286242,2.68894983812042,17.983675579592568,9.002815015607053,0.05009079,0.0613431,0.09805738,0.07162861,-0.062237162,0.01925551,0.236074447,0.003415085,12.0,25358180.0,25403854.0,259193.5,512.0,3.5557170000000004e-06,0.37867,0.0163317999999999,7.0,116.5405,95.45946,0.8833976999999998,104.9016,6.898361,33.15977,0.000268849,37.0,36.43478260869565,1,1
MAP2K1,0.0,12.0,0.0,4.0,1.0,1.0,5.0,0.0,0.0,102.0,3.0,1.0,0.0,22.0,0.0,0.0,7.0,1.0,0.0,143.0,0.0,135,6.681498285286242,2.68894983812042,18.94959164053788,7.434628227636725,-0.013205354,0.019630508,0.041350126,0.008925701,-0.09613648,0.024502821,0.135731779,0.0078186719999999,15.0,66679211.0,66783881.0,506284.5,172.0,2.00153e-06,0.437985,0.04311826,13.0,53.67568000000001,96.37838,0.7201622,146.1934,21.10164,47.01832,0.000169693,53.0,4.608695652173913,1,1
MAP2K2,0.0,1.0,0.0,0.0,3.0,1.0,1.0,0.0,2.0,67.0,4.0,0.0,0.0,36.0,1.0,0.0,4.0,2.0,0.0,110.0,0.0,99,6.681498285286242,2.68894983812042,21.11842531964308,7.4998458870832065,0.0014500860297898,0.0299711588873905,0.057367087,0.0186526400956217,-0.096697303670753,0.0309440894036777,0.210445287,0.007719428,19.0,4090329.0,4124126.0,2276561.0,180.0,2.62094e-06,0.5617949999999999,0.03569998,29.0,38.48649,75.27027,0.8169401,38.1082,1.495082,59.84649,4.85e-05,29.0,1.972972972972973,0,1
MAP2K4,0.0,33.0,0.0,0.0,18.0,5.0,1.0,1.0,12.0,101.0,26.0,0.0,0.0,22.0,21.0,0.0,26.0,8.0,0.0,206.0,0.0,209,6.681498285286242,2.68894983812042,15.48415953496773,9.189824558880018,-0.06365323,0.051775057,0.035597805,0.011762282,-0.18121241,0.073684044,0.111620037,0.000669041,17.0,11924135.0,12047050.0,45833.92,583.0,3.571992e-06,0.38914,-0.05217695,4.0,43.24324,89.45945999999999,0.821842,106.6131,12.44262,37.49385,0.000151629,40.0,6.695652173913044,0,1
MAP3K1,0.0,5.0,0.0,0.0,59.0,43.0,7.0,0.0,0.0,214.0,66.0,0.0,0.0,55.0,14.0,0.0,71.0,47.0,0.0,345.0,0.0,337,6.681498285286242,2.68894983812042,17.613936189316362,8.689997971419446,-0.025288934,0.03245745,0.041444466,0.009355524,-0.13829641,0.051270057,0.4439186536272007,0.0288399977075919,5.0,56110900.0,56191976.0,200595.4,412.0,2.214226e-06,0.40283,0.03759262,4.0,41.91892,88.18919,0.9266881,87.50164000000001,4.334426000000001,40.13174,0.000880198,126.0,6.017857142857143,1,1
MAPK1,0.0,44.0,0.0,0.0,0.0,0.0,1.0,0.0,7.0,64.0,5.0,0.0,0.0,14.0,1.0,0.0,13.0,2.0,0.0,121.0,0.0,116,6.681498285286242,2.68894983812042,18.80541892693509,8.228818690495881,-0.02159627,0.0345847679999999,0.0581471659999999,0.018439718,-0.11049603,0.03759337,0.044133748,0.000473767,22.0,22113949.0,22221970.0,458135.8,299.0,4.196682e-06,0.461085,0.04744865,18.0,51.89189,90.7027,0.8509805,119.2361,12.62295,40.22261,0.002170908,214.0,4.666666666666667,0,1
MAPK3,0.0,4.0,0.0,0.0,1.0,1.0,1.0,0.0,15.0,46.0,2.0,0.0,0.0,35.0,0.0,0.0,3.0,1.0,0.0,101.0,0.0,95,6.681498285286242,2.68894983812042,18.70293689136919,8.594903589110126,0.0014500860297898,0.0299711588873905,0.057367087,0.0186526400956217,-0.096697303670753,0.0309440894036777,0.100511194,0.003058073,10.318351414958958,73868703.71494174,73933525.0491361,651465.5732789387,443.4357224118317,3.071750140921875e-06,0.4479311960039042,0.0200799657459558,15.394179438608576,47.73935778170025,89.37432302393663,0.8771654310377418,118.01485201911488,14.702477788808851,49.3463895895758,0.001069113,148.0,1.3611111111111112,0,1
MCL1,0.0,41.0,0.0,5.0,1.0,0.0,1.0,1.0,0.0,34.0,0.0,0.0,0.0,24.0,0.0,0.0,7.0,3.0,0.0,97.0,0.0,95,6.681498285286242,2.68894983812042,20.49291914767253,7.257387842692652,0.082143165,0.042781807,0.11606829,0.048043795,-0.035871465,0.0065483437,0.072949698,0.000418973,1.0,150547037.0,150552136.0,1475649.0,152.0,2.753431e-06,0.49927,0.03127347,32.0,46.45946,80.43243000000001,0.9170194,159.4852,26.97377,48.65988,0.00029983,59.0,1.4,0,1
MDM2,0.0,12.0,0.0,9.0,6.0,1.0,1.0,0.0,2.0,65.0,3.0,0.0,0.0,22.0,2.0,0.0,8.0,1.0,0.0,114.0,0.0,103,6.681498285286242,2.68894983812042,19.04591933471157,7.839203788096943,0.0014500860297898,0.0299711588873905,0.057367087,0.0186526400956217,-0.096697303670753,0.0309440894036777,0.090294832,0.001005247,12.0,69201971.0,69239211.0,541242.9,228.0,2.663268e-06,0.41862,0.03186443,9.0,52.67568000000001,95.21622,0.8835613000000001,160.2361,19.48197,37.12733,0.010626036,733.0,3.0869565217391304,0,1
MDM4,0.0,6.0,0.0,1.0,1.0,1.0,0.0,0.0,4.0,57.0,0.0,0.0,0.0,23.0,0.0,0.0,1.0,1.0,0.0,91.0,0.0,79,6.681498285286242,2.68894983812042,18.68052778965898,7.539158811108031,0.0014500860297898,0.0299711588873905,0.057367087,0.0186526400956217,-0.096697303670753,0.0309440894036777,0.083488542,0.000973943,1.0,204485511.0,204527247.0,420144.0,185.0,2.680784e-06,0.456325,0.03882799,15.0,56.37838000000001,99.21622,0.8450629999999999,134.9508,16.06557,39.03138,0.00024461,60.0,2.4166666666666665,0,1
MED12,0.0,12.0,3.0,0.0,7.0,6.0,6.0,1.0,9.0,461.0,34.0,0.0,0.0,151.0,15.0,0.0,16.0,7.0,0.0,682.0,0.0,512,6.681498285286242,2.68894983812042,19.533910280158427,8.594903589110126,0.003986055,0.006894169,0.01909207,0.0047999443,-0.045286015,0.010554617,0.504229339,0.093923528,23.0,70338406.0,70362303.0,759088.4,443.4357224118317,3.06918e-06,0.4494899999999999,0.02731504,17.0,29.40541,73.45945999999999,0.9109021,68.8918,4.049180000000001,51.88235,0.000124148,68.0,3.401315789473684,1,1
MEN1,0.0,13.0,0.0,0.0,20.0,8.0,1.0,0.0,1.0,85.0,14.0,0.0,0.0,30.0,4.0,0.0,22.0,8.0,0.0,146.0,0.0,147,6.681498285286242,2.68894983812042,21.109024625225185,7.851749041416057,-3.773531e-05,0.0174665819999999,0.044688024,0.009557583,-0.08165877,0.021589106,0.062811725,0.002032033,11.0,64570996.0,64578766.0,2261775.0,230.0,2.156892e-06,0.5402600000000001,0.06134729,34.0,45.78378,85.78378000000001,0.9266504,113.941,15.26885,58.89589,0.000124354,58.0,3.5806451612903225,1,1
MET,11.0,4.0,0.0,0.0,5.0,4.0,1.0,0.0,0.0,266.0,25.0,0.0,0.0,114.0,16.0,1.0,8.0,4.0,0.0,435.0,0.0,319,6.681498285286242,2.68894983812042,19.09049780724533,8.038918989292304,0.059699126,0.04137905,0.100732766,0.041106354,-0.06749747,0.020829897,0.242730146,0.026539571,7.0,116312459.0,116438439.0,558228.1,262.0,2.718768e-06,0.391515,0.002308467,5.0,57.24324,98.54054,0.9250968,164.4393,22.96393,40.78859,7.15e-05,34.0,2.7043478260869565,1,1
MITF,0.0,63.0,0.0,3.0,1.0,2.0,1.0,0.0,18.0,99.0,8.0,0.0,0.0,44.0,2.0,1.0,11.0,6.0,0.0,225.0,0.0,192,6.681498285286242,2.68894983812042,15.551998081091304,8.771489469500601,-0.03175969,0.03289551,0.041039355,0.013399321,-0.14518541,0.04215183,0.105194324,0.003529709,3.0,69788586.0,70017488.0,48040.65,436.0,2.956119e-06,0.391835,-0.01459815,7.0,44.45946,94.08108,0.8352726,70.26885,2.6721310000000003,45.25858,8.49e-05,23.0,2.466666666666667,0,1
MLH1,0.0,13.0,0.0,4.0,10.0,5.0,3.0,0.0,5.0,111.0,28.0,1.0,0.0,40.0,11.0,0.0,14.0,5.0,0.0,212.0,0.0,183,6.681498285286242,2.68894983812042,18.583378473808487,8.888743248898258,-0.030797863,0.027660592,0.039305914,0.008533718,-0.13891836,0.037892304,0.7601527709999999,0.113121577,3.0,37034841.0,37092335.0,392783.5,473.0,2.509117e-06,0.42845,0.02126238,6.0,45.59459,94.05405,0.7823103,139.2689,17.99016,42.25727,0.00105292,125.0,3.7804878048780486,1,1
MPL,0.0,0.0,0.0,2.0,2.0,2.0,0.0,0.0,7.0,92.0,9.0,0.0,0.0,45.0,2.0,0.0,2.0,2.0,0.0,157.0,0.0,141,6.681498285286242,2.68894983812042,20.05367403682593,7.982993574694309,0.0014500860297898,0.0299711588873905,0.057367087,0.0186526400956217,-0.096697303670753,0.0309440894036777,0.8857711659999999,0.006282816,1.0,43803475.0,43820134.0,1088321.0,252.0,1.607227e-06,0.4982,0.02706787,24.0,48.75676,91.94595,0.9257743,113.9508,13.98689,55.881240000000005,1.54e-06,5.0,2.282608695652174,1,1
MSH2,0.0,2.0,0.0,0.0,21.0,7.0,2.0,0.0,2.0,113.0,34.0,2.0,0.0,32.0,8.0,0.0,25.0,7.0,0.0,191.0,0.0,182,6.681498285286242,2.68894983812042,19.5969669801465,8.668884984266247,0.024466353,0.015423327,0.053426992,0.013369215,-0.055882037,0.012341227,0.075732959,0.00096908,2.0,47630263.0,47710360.0,793002.1,406.0,2.5349770000000003e-06,0.4448,0.02839946,12.0,53.32431999999999,93.72973,0.9072919,133.1377,14.79672,37.06006,0.000185035,113.0,4.909090909090909,1,1
MSH6,0.0,3.0,0.0,7.0,13.0,8.0,7.0,0.0,0.0,201.0,47.0,0.0,0.0,53.0,2.0,0.0,20.0,8.0,0.0,313.0,0.0,232,6.681498285286242,2.68894983812042,18.897188123432954,9.199672344836364,0.024338614,0.015137915,0.053097267,0.013125928,-0.055449385,0.012060987,0.0680480909999999,0.002641351,2.0,48010221.0,48034084.0,488224.5,587.0,2.92695e-06,0.4397399999999999,0.03151994,9.0,59.94595,95.18919,0.955953,142.0131,21.22951,41.80949,6.26e-05,64.0,4.777777777777778,1,1
MTOR,0.0,19.0,0.0,0.0,6.0,6.0,2.0,0.0,3.0,446.0,30.0,0.0,0.0,130.0,6.0,0.0,9.0,6.0,0.0,633.0,0.0,464,6.681498285286242,2.68894983812042,19.138631788955657,8.703903573444663,-0.03157797,0.030439937,0.038751025,0.010028656,-0.13462771,0.04248348,0.4439186536272007,0.0288399977075919,1.0,11166589.0,11322608.0,577167.0,416.0,1.909957e-06,0.4621067,0.03177134,14.0,51.43243,97.97297,0.8810395000000001,134.7967,17.5377,49.31100000000001,0.001128728,128.0,3.725190839694657,0,1
MYC,0.0,22.0,3.0,12.0,2.0,1.0,3.0,0.0,0.0,89.0,1.0,0.0,0.0,32.0,0.0,0.0,10.0,1.0,0.0,154.0,0.0,136,6.681498285286242,2.68894983812042,18.6322724762247,7.679480099505445,0.11981625,0.08669673,0.16932082,0.10149293,-0.0347909,0.00893426,0.112959158,0.002122225,8.0,128748315.0,128753678.0,406323.4,204.0,3.126923e-06,0.43804,0.02340164,2.0,55.10811,88.24324,0.9561478,107.3082,11.20328,54.80664,0.008950528,569.0,2.757575757575758,0,1
MYD88,0.0,14.0,0.0,4.0,1.0,1.0,0.0,0.0,0.0,45.0,2.0,0.0,0.0,25.0,0.0,0.0,2.0,2.0,0.0,88.0,0.0,80,6.681498285286242,2.68894983812042,18.204850028145,8.686500527183219,-0.030982364,0.027710706,0.039341852,0.008895572,-0.13934708,0.037342094,0.21935321,0.03339172,3.0,38179969.0,38184510.0,302137.4,411.0,1.946436e-06,0.48682,0.03160935,10.0,44.56757,84.51351,0.9051513,104.6984,8.662295,56.91855,0.000383349,57.0,1.8461538461538465,1,1
NF1,2.0,63.0,0.0,4.0,106.0,38.0,7.0,0.0,10.0,427.0,229.0,0.0,0.0,145.0,89.0,0.0,153.0,43.0,0.0,924.0,0.0,749,6.681498285286242,2.68894983812042,18.818936928699387,8.632995197142957,-0.00809465,0.03665149,0.053153183,0.013179821,-0.111353904,0.05924048,0.195424709,0.016838874,17.0,29421945.0,29704694.0,462448.7,396.0,2.205685e-06,0.4001225,0.02610505,11.0,50.27027,95.78378,0.7789417,134.6164,17.37705,38.25856,8.03e-05,26.0,5.363013698630137,1,1
NF2,0.0,3.0,0.0,1.0,12.0,5.0,1.0,0.0,10.0,84.0,38.0,0.0,0.0,33.0,22.0,0.0,16.0,7.0,0.0,186.0,0.0,180,6.681498285286242,2.68894983812042,19.486879398205133,7.228818690495879,-0.027834333,0.03527876,0.054528527,0.017334295,-0.11729283,0.039400328,0.085494953,0.000484364,22.0,29999545.0,30094583.0,734741.6,149.0,2.056906e-06,0.4786,0.03782316,18.0,53.91891999999999,97.67568,0.7903851,116.8951,14.74754,47.285070000000005,0.000214015,43.0,4.382352941176471,1,1
NFKBIA,0.0,31.0,0.0,1.0,4.0,0.0,2.0,0.0,3.0,45.0,5.0,1.0,0.0,18.0,1.0,0.0,23.0,0.0,0.0,88.0,0.0,100,6.681498285286242,2.68894983812042,18.66654475870912,6.977279923499918,0.0014500860297898,0.0299711588873905,0.057367087,0.0186526400956217,-0.096697303670753,0.0309440894036777,0.066844897,0.000295136,14.0,35870717.0,35873960.0,416091.5,125.0,2.042693e-06,0.45813,0.03094456,11.0,45.02703,83.18919,0.9332285,120.0754,16.03934,53.97974,0.0008650639999999,126.0,2.6842105263157894,0,1
NKX2-1,0.0,28.0,3.0,2.0,2.0,1.0,0.0,0.0,14.0,51.0,5.0,0.0,0.0,19.0,0.0,0.0,9.0,2.0,0.0,114.0,0.0,107,6.681498285286242,2.68894983812042,15.844272017947269,9.287712379549449,0.0014500860297898,0.0299711588873905,0.057367087,0.0186526400956217,-0.096697303670753,0.0309440894036777,0.4439186536272007,0.0288399977075919,14.0,36985606.0,36989430.0,58829.31,624.0,2.883327e-06,0.39915,-0.01778491,6.0,35.67568,53.97297,0.8917915000000001,28.84918,0.0,66.51124,7.92e-06,11.0,2.85,0,1
NOTCH1,0.0,26.0,0.0,0.0,41.0,13.0,17.0,0.0,0.0,413.0,55.0,0.0,0.0,185.0,14.0,0.0,60.0,15.0,0.0,689.0,0.0,547,6.681498285286242,2.68894983812042,20.5062804590217,7.734709620225838,-0.015767919,0.027000654,0.05070564,0.012982105,-0.10887328,0.031779863,0.093668027,0.000924208,9.0,139388897.0,139440238.0,1489379.0,212.0,2.732158e-06,0.59073,0.04344674,20.0,39.40541,68.51351,0.9164223,63.4459,4.652459,64.96138,0.001537385,179.0,2.661290322580645,1,1
NOTCH2,0.0,19.0,0.0,11.0,23.0,17.0,1.0,0.0,6.0,314.0,37.0,0.0,0.0,124.0,12.0,0.0,24.0,17.0,0.0,523.0,0.0,398,6.681498285286242,2.68894983812042,18.713140799782867,8.997179480937621,0.028737107,0.015308012,0.055098496,0.0146313389999999,-0.046050604,0.009664764,0.043006828,0.000762743,1.0,120454178.0,120612276.0,429749.8,510.0,3.649786e-06,0.4039333,0.01382872,11.0,64.75676,97.27027,0.8905205,137.577,18.93443,49.02709,6.29e-05,34.0,3.04,1,1
NPM1,0.0,13.0,0.0,15.0,0.0,8.0,2.0,0.0,10.0,36.0,1.0,0.0,0.0,16.0,3.0,0.0,4.0,8.0,0.0,92.0,0.0,88,6.681498285286242,2.68894983812042,18.19864071288209,8.442943495848729,-0.0074406459999999,0.02616489,0.052569468,0.013362269,-0.111061804,0.031318184,0.082332524,0.004775175,5.0,170814708.0,170837887.0,300839.8,347.0,2.359133e-06,0.45608,0.03023782,6.0,47.43243,95.18919,0.8525695,104.6918,9.816393,38.0954,0.005516645,451.0,2.823529411764706,1,1
NRAS,0.0,17.0,0.0,3.0,2.0,2.0,0.0,0.0,0.0,294.0,6.0,0.0,0.0,9.0,5.0,1.0,6.0,4.0,0.0,329.0,0.0,316,6.681498285286242,2.68894983812042,19.19616793107981,8.885696373339396,-0.016631568,0.027677916,0.041893184,0.011433501,-0.12750997,0.039673816,0.102640145,0.004991088,1.0,115247079.0,115259515.0,600650.2,472.0,2.658445e-06,0.39544,0.01059793,15.0,44.89189,97.91892,0.8718149,154.8426,24.70164,42.64284,3.59e-05,18.0,30.7,1,1
NTRK3,9.0,20.0,0.0,3.0,4.0,0.0,0.0,0.0,128.0,304.0,22.0,0.0,0.0,133.0,11.0,0.0,15.0,2.0,0.0,617.0,0.0,438,6.681498285286242,2.68894983812042,16.926014480537127,9.513727595952435,0.0014500860297898,0.0299711588873905,0.057367087,0.0186526400956217,-0.096697303670753,0.0309440894036777,0.341523843,0.06784315,15.0,88419988.0,88799661.0,124518.7,730.0,5.588308e-06,0.4422125,-0.05718258,1.0,48.91892,90.02703000000001,0.8202466,95.30492,7.665574,50.93498,1.33e-05,11.0,2.514925373134328,0,1
PDGFRA,0.0,76.0,0.0,0.0,5.0,1.0,4.0,0.0,41.0,338.0,20.0,0.0,0.0,110.0,10.0,0.0,10.0,2.0,0.0,593.0,0.0,413,6.681498285286242,2.68894983812042,15.650139063950984,9.019590728357883,-0.0011032928,0.041930128,0.056525607,0.046525095,-0.089995936,0.021820772,0.497340495,0.073204642,4.0,55095264.0,55164411.0,51422.46,518.0,3.123991e-06,0.4356649999999999,0.02673092,6.0,54.16216,98.89189,0.888827,137.6164,16.57377,46.06022,0.000132803,29.0,3.324324324324324,1,1
PDGFRB,0.0,22.0,0.0,0.0,8.0,0.0,1.0,0.0,0.0,193.0,13.0,0.0,0.0,114.0,8.0,0.0,13.0,0.0,0.0,346.0,0.0,266,6.681498285286242,2.68894983812042,20.022556103222264,7.839203788096943,0.0014500860297898,0.0299711588873905,0.057367087,0.0186526400956217,-0.096697303670753,0.0309440894036777,0.694056004,0.078511147,5.0,149493403.0,149535422.0,1065098.0,228.0,1.516316e-06,0.47661,0.0490575,17.0,46.16216,90.32432,0.8844624,117.6426,14.0,56.57327,0.000176997,47.0,1.8608695652173912,0,1
PIK3CA,0.0,10.0,0.0,2.0,1.0,2.0,45.0,0.0,1.0,1662.0,11.0,1.0,0.0,61.0,3.0,4.0,48.0,4.0,0.0,1751.0,0.0,1434,6.681498285286242,2.68894983812042,18.61644223145333,9.26209484537018,0.06910095,0.05638708,0.117577285,0.06212429,-0.060237072,0.01808568,0.117388251,0.001792412,3.0,178866311.0,178952495.0,401889.3,613.0,4.170388e-06,0.38477,0.01079402,4.0,61.27027,93.59459,0.9084126,163.1246,24.196720000000003,35.086,0.00023606,52.0,27.06451612903226,1,1
PIK3CB,0.0,6.0,0.0,0.0,5.0,4.0,1.0,0.0,1.0,176.0,20.0,0.0,0.0,59.0,6.0,0.0,6.0,4.0,0.0,268.0,0.0,212,6.681498285286242,2.68894983812042,18.10335082247974,8.731319031025064,0.04298194,0.03450351,0.0862000659999999,0.03358418,-0.067179695,0.019953376,1.823171833,0.008161933,3.0,138374233.0,138478185.0,281611.3,424.0,3.054728e-06,0.39635,0.02563789,11.0,52.72973,93.43243,0.9001106,126.823,14.895079999999998,38.02949,2.45e-05,22.0,3.433333333333333,0,1
PIK3R1,0.0,54.0,0.0,2.0,42.0,28.0,98.0,22.0,26.0,159.0,81.0,0.0,0.0,38.0,44.0,0.0,180.0,56.0,0.0,358.0,0.0,461,6.681498285286242,2.68894983812042,15.580494128777294,9.276124405274238,-0.03227421,0.031810887,0.03768949,0.007732146,-0.14555636,0.050042752,1.603163827,0.036299192,5.0,67522462.0,67597647.0,48999.0,619.0,2.549517e-06,0.41126,0.03218191,1.0,45.32432,96.05405,0.8862671999999998,137.3738,18.2,40.33598,0.0015183529999999,136.0,8.564102564102564,1,1
PTCH1,0.0,35.0,0.0,0.0,29.0,12.0,1.0,0.0,9.0,255.0,24.0,0.0,0.0,120.0,7.0,0.0,39.0,12.0,0.0,441.0,0.0,351,6.681498285286242,2.68894983812042,17.51185995639647,8.997179480937621,-0.020289466,0.024884606,0.043955907,0.009669211,-0.11391922,0.032279287,0.4439186536272007,0.0288399977075919,9.0,98205266.0,98279247.0,186892.9,510.0,2.180307e-06,0.44067,0.05274564,5.0,48.2973,91.16216,0.9030711,108.5344,12.83934,51.1038,0.001124455,88.0,2.462809917355372,1,1
PTEN,0.0,95.0,0.0,17.0,243.0,106.0,23.0,1.0,3.0,537.0,242.0,0.0,0.0,29.0,80.0,2.0,308.0,124.0,0.0,946.0,0.0,921,6.681498285286242,2.68894983812042,17.98636704591403,8.233619676759702,-0.058732234,0.048768587,0.030680696,0.0057896943999999,-0.17120755,0.080129474,0.601496055,0.073593628,10.0,89623195.0,89728531.0,259677.5,300.0,1.86171e-06,0.368245,0.03373138,14.0,42.02703,92.43243,0.8513978999999999,120.1967,12.92787,36.19084,0.000787944,90.0,32.2,1,1
RAB35,0.0,36.0,0.0,0.0,1.0,0.0,0.0,0.0,0.0,29.0,3.0,0.0,0.0,13.0,0.0,0.0,3.0,0.0,0.0,79.0,0.0,68,6.681498285286242,2.68894983812042,20.5770369064832,7.820178962415187,0.0110936975,0.017141873,0.05273774,0.011400523,-0.067840144,0.018508283,0.055025066,0.001425336,12.0,120532899.0,120554643.0,1564246.0,225.0,2.6088850000000003e-06,0.46471,0.04528955,9.0,47.56757,94.56757,0.8953529,106.0951,8.045902,58.30403,2.4100000000000003e-05,18.0,2.2857142857142856,0,1
RAF1,0.0,17.0,0.0,2.0,2.0,1.0,0.0,0.0,2.0,100.0,12.0,0.0,0.0,42.0,2.0,0.0,2.0,1.0,0.0,177.0,0.0,151,6.681498285286242,2.68894983812042,18.64008249959368,7.434628227636725,-0.022201112,0.030734487,0.047763966,0.015319735,-0.13049361,0.03529192,0.050625742,0.000184719,3.0,12625102.0,12705700.0,408529.0,172.0,2.079084e-06,0.4433399999999999,0.03241635,8.0,48.94595,96.72973,0.8879011999999998,125.0984,13.02623,44.52988,0.001252851,141.0,2.6744186046511627,0,1
RARA,0.0,7.0,0.0,6.0,3.0,2.0,1.0,0.0,17.0,77.0,0.0,0.0,0.0,24.0,0.0,0.0,6.0,3.0,0.0,128.0,0.0,124,6.681498285286242,2.68894983812042,20.364787638338782,7.584962500721158,0.0068329609999999,0.036227755,0.06492635,0.029712688,-0.09596691,0.0312199,0.422994071,0.064779675,17.0,38465446.0,38513894.0,1350242.0,191.0,2.177755e-06,0.49261,0.02301283,28.0,48.43243,85.97296999999999,0.8648716000000001,95.7082,10.6459,60.10571,0.000925731,121.0,3.16,0,1
RB1,0.0,24.0,0.0,0.0,91.0,38.0,6.0,0.0,2.0,164.0,167.0,0.0,0.0,40.0,76.0,0.0,108.0,39.0,0.0,461.0,0.0,486,6.681498285286242,2.68894983812042,18.416711363712803,8.81698362325538,-0.05515563,0.06589901,0.047703855,0.015884059,-0.1784276,0.097968586,7.104246197,0.148611168,13.0,48877883.0,49056024.0,349930.1,450.0,2.464012e-06,0.38054,0.04105748,6.0,42.48649,89.27027,0.7431986,86.32131,5.659016,33.23383,0.0017893529999999,211.0,10.853658536585366,1,1
RET,0.0,58.0,0.0,0.0,8.0,3.0,2.0,0.0,8.0,248.0,17.0,0.0,0.0,121.0,3.0,0.0,16.0,7.0,0.0,445.0,0.0,341,6.681498285286242,2.68894983812042,18.79255233724273,9.139551352398792,-0.023034291,0.027979275,0.041436497,0.009125219,-0.119950965,0.04068328,0.180856747,0.040269768,10.0,43572517.0,43625795.0,454068.1,563.0,3.861449e-06,0.505885,-0.01916108,3.0,44.51351,83.56756999999999,0.8745591999999999,102.2197,12.98689,55.486630000000005,0.0001403079999999,30.0,2.221311475409836,1,1
RHEB,0.0,12.0,0.0,0.0,0.0,0.0,0.0,0.0,1.0,32.0,5.0,1.0,0.0,13.0,1.0,0.0,0.0,2.0,0.0,63.0,0.0,55,6.681498285286242,2.68894983812042,19.33392467861393,7.622051819456375,0.050916757,0.036635764,0.09717853,0.031055901,-0.08224391,0.028809046,0.231783023,0.034230753,7.0,151163098.0,151217010.0,660831.3,196.0,2.53726e-06,0.47896,0.03220793,29.0,52.91891999999999,89.08108,0.5763414000000001,118.4852,15.504920000000002,33.77658,0.0002238609999999,33.0,2.7142857142857144,0,1
RNF43,0.0,21.0,0.0,3.0,130.0,12.0,3.0,0.0,11.0,141.0,32.0,0.0,0.0,37.0,6.0,0.0,133.0,14.0,0.0,249.0,0.0,317,6.681498285286242,2.68894983812042,19.57706033255116,8.643856189774723,0.024676593,0.027663233,0.072951615,0.023893269,-0.07174762,0.02124322,0.445108416,0.057035115,17.0,56431040.0,56494931.0,782135.2,399.0,2.322056e-06,0.51299,0.02221837,16.0,49.21622,95.21622,0.9363846,134.1902,19.00328,58.03826,9.47e-06,17.0,5.026315789473684,1,1
ROS1,0.0,21.0,0.0,8.0,19.0,9.0,0.0,0.0,3.0,585.0,62.0,1.0,0.0,161.0,23.0,0.0,21.0,10.0,0.0,861.0,0.0,574,6.681498285286242,2.68894983812042,17.363952493681527,8.280770770130601,0.0014500860297898,0.0299711588873905,0.057367087,0.0186526400956217,-0.096697303670753,0.0309440894036777,0.73299623,0.040927561,6.0,117609530.0,117747018.0,168681.7,310.0,3.878637e-06,0.380085,-0.01750335,14.0,49.40541,96.56757,0.9044038,121.0426,12.25246,39.77923,6.16e-07,6.0,4.191358024691358,0,1
RSPO2,0.0,48.0,0.0,14.0,0.0,0.0,2.0,0.0,0.0,116.0,4.0,0.0,0.0,23.0,0.0,0.0,6.0,1.0,0.0,200.0,0.0,163,6.681498285286242,2.68894983812042,17.51886980181304,9.881113960675096,0.0014500860297898,0.0299711588873905,0.057367087,0.0186526400956217,-0.096697303670753,0.0309440894036777,0.251815582,0.042563247,8.0,108911545.0,109095913.0,187803.2,942.0,5.52506e-06,0.37575,-0.0091105919999999,2.0,59.16216,96.75676,0.6358303000000001,131.5082,16.50164,43.13349,8.57e-06,9.0,5.0,0,1
RUNX1,0.0,60.0,0.0,19.0,14.0,18.0,2.0,1.0,20.0,94.0,14.0,0.0,0.0,33.0,4.0,0.0,27.0,25.0,0.0,227.0,0.0,225,6.681498285286242,2.68894983812042,17.33137184896032,8.74819284958946,-0.009963326,0.024058647,0.051699113,0.012226362,-0.09253634,0.027995195,0.666833534,0.0732254879999999,21.0,36160099.0,36421595.0,164915.0,429.0,2.405158e-06,0.43678,0.04466899,8.0,36.78378,72.81081,0.7878859,73.80656,8.6,51.92438,0.000228237,70.0,3.852941176470588,1,1
SMAD2,0.0,26.0,0.0,2.0,4.0,1.0,0.0,0.0,8.0,100.0,37.0,0.0,0.0,18.0,4.0,0.0,4.0,3.0,0.0,193.0,0.0,160,6.681498285286242,2.68894983812042,16.721842833229704,7.539158811108031,-0.041537043,0.035513744,0.042206556,0.011492389,-0.14174306,0.045826584,0.496516903,0.063507672,18.0,45359467.0,45457515.0,108086.7,185.0,2.703353e-06,0.404605,0.0417556,7.0,43.54054,93.94595,0.8743479999999999,112.3213,8.659016000000001,38.73221,0.0030015379999999,259.0,7.473684210526316,1,1
SMAD4,0.0,31.0,0.0,16.0,22.0,12.0,8.0,0.0,1.0,221.0,50.0,0.0,0.0,25.0,4.0,1.0,39.0,15.0,0.0,337.0,0.0,327,6.681498285286242,2.68894983812042,17.251972373281017,8.72451385311995,-0.049164586,0.03844132,0.03848504,0.00821033,-0.15153705,0.05429968,0.107548772,0.000634095,18.0,48556583.0,48611409.0,156084.0,422.0,3.087314e-06,0.40899,0.04070356,10.0,43.78378,93.81081,0.9065778,122.2328,12.58689,40.46304,0.003260252,198.0,11.038461538461538,1,1
SMARCA4,0.0,10.0,0.0,2.0,16.0,3.0,8.0,1.0,6.0,404.0,33.0,0.0,0.0,134.0,15.0,0.0,25.0,5.0,0.0,602.0,0.0,492,6.681498285286242,2.68894983812042,20.92039138469389,7.5774288280357505,0.004921931,0.03038596,0.06640349,0.023977354,-0.07847745,0.02699847,0.08256306,0.001235131,19.0,11071598.0,11172959.0,1984564.0,190.0,2.160503e-06,0.5248550000000001,0.04046629,35.0,44.59459,86.59459,0.8637888000000001,84.12131,6.957377,57.9145,0.001194708,199.0,3.3777777777777778,1,1
SMARCB1,0.0,8.0,0.0,11.0,7.0,6.0,2.0,0.0,5.0,75.0,9.0,0.0,0.0,26.0,1.0,0.0,10.0,6.0,0.0,134.0,0.0,125,6.681498285286242,2.68894983812042,19.281740352959552,7.622051819456375,-0.02471587,0.032841243,0.05504757,0.015163207,-0.11244569,0.03759263,0.03277117,0.000241607,22.0,24129150.0,24176704.0,637355.2,196.0,3.05067e-06,0.51647,0.05239067,16.0,50.10811,91.43243,0.8798834999999999,151.4787,24.58689,54.12715,0.000671394,114.0,3.3703703703703702,1,1
SMO,0.0,10.0,0.0,0.0,12.0,0.0,1.0,0.0,0.0,133.0,9.0,0.0,0.0,48.0,0.0,0.0,13.0,0.0,0.0,200.0,0.0,172,6.681498285286242,2.68894983812042,19.629653130779868,8.717676423066399,0.0014500860297898,0.0299711588873905,0.057367087,0.0186526400956217,-0.096697303670753,0.0309440894036777,0.307960735,0.048691246,7.0,128828713.0,128853383.0,811173.7,420.0,2.2020920000000003e-06,0.45832,0.05388738,18.0,44.54054,86.13514,0.9113186,106.6197,15.09836,57.19687,3.31e-06,4.0,2.897959183673469,1,1
STK11,0.0,0.0,0.0,1.0,28.0,11.0,0.0,1.0,1.0,80.0,45.0,0.0,0.0,32.0,14.0,1.0,29.0,15.0,0.0,170.0,0.0,181,6.681498285286242,2.68894983812042,21.07860298664365,7.8765169465649985,-0.026871946,0.029041363,0.046851624,0.010438321,-0.112486176,0.037005074,0.993094663,0.002127218,19.0,1205798.0,1228434.0,2214581.0,234.0,2.7072750000000003e-06,0.6090300000000001,0.02882151,44.0,43.02703,74.64865,0.7846201999999999,34.38361,2.95082,57.31749,0.0002358909999999,41.0,4.575757575757576,1,1
SYK,0.0,8.0,0.0,2.0,6.0,3.0,1.0,0.0,0.0,125.0,10.0,0.0,0.0,62.0,2.0,0.0,7.0,3.0,0.0,209.0,0.0,179,6.681498285286242,2.68894983812042,16.94350153036938,9.084808387804364,0.0014500860297898,0.0299711588873905,0.057367087,0.0186526400956217,-0.096697303670753,0.0309440894036777,0.7927660190000001,0.168009298,9.0,93564012.0,93660841.0,126037.2,542.0,2.90752e-06,0.42715,0.03235242,2.0,52.0,98.13514,0.8620808000000001,115.1082,14.90164,48.93663,0.001095876,102.0,2.2222222222222223,0,1
TET2,0.0,1.0,0.0,3.0,14.0,6.0,1.0,1.0,158.0,235.0,42.0,0.0,0.0,76.0,4.0,0.0,39.0,15.0,0.0,487.0,0.0,349,6.681498285286242,2.68894983812042,17.52363010145135,9.306061689428342,-0.036599353,0.023310442,0.028740356,0.0053552864,-0.12052655,0.03384749,0.4439186536272007,0.0288399977075919,4.0,106067943.0,106200958.0,188423.9,632.0,2.641458e-06,0.3705833,0.02428938,2.0,52.2973,98.2973,0.9675842,88.47541,3.488525,42.01812,1.1e-06,6.0,3.74025974025974,1,1
TMPRSS2,0.0,12.0,0.0,0.0,2.0,3.0,1.0,0.0,0.0,76.0,9.0,0.0,0.0,39.0,4.0,0.0,3.0,3.0,0.0,140.0,0.0,128,6.681498285286242,2.68894983812042,18.0235989754424,8.829722735086056,0.0014500860297898,0.0299711588873905,0.057367087,0.0186526400956217,-0.096697303670753,0.0309440894036777,0.364752457,0.055584887,21.0,42836479.0,42880085.0,266466.3,454.0,2.387289e-06,0.48056,0.06053685,7.0,47.89189,94.97297,0.8523143,77.09508000000001,3.740984,49.13738,0.0001520652464862,24.913741820345034,2.3,0,1
TP53,0.0,12.0,0.0,4.0,426.0,129.0,81.0,12.0,11.0,2927.0,590.0,0.0,0.0,105.0,303.0,1.0,528.0,152.0,0.0,3921.0,0.0,3950,6.681498285286242,2.68894983812042,20.98089822144448,7.741466986401146,-0.0686687,0.04911189,0.031668212,0.006250856,-0.18344365,0.07345399,0.045504652,0.000674325,17.0,7571720.0,7590863.0,2069567.0,213.0,2.226917e-06,0.51689,0.03424378,55.0,40.78378,88.43243000000001,0.9118644,100.5246,10.16393,54.23721999999999,0.0165046189999999,833.0,37.36792452830189,1,1
TSC1,0.0,37.0,0.0,6.0,32.0,1.0,3.0,0.0,8.0,153.0,30.0,0.0,0.0,71.0,14.0,0.0,42.0,3.0,0.0,310.0,0.0,273,6.681498285286242,2.68894983812042,20.872371281246817,8.851749041416056,-0.019006921,0.026055621,0.0465394,0.010999513,-0.11047426,0.032706145,0.640895287,0.023478215,9.0,135766735.0,135820020.0,1919595.0,461.0,2.616422e-06,0.46821,0.03330065,11.0,54.45946,98.83784,0.8582209000000001,182.1279,22.97705,45.90535,9.04e-05,40.0,2.75,1,1
TSC2,0.0,1.0,0.0,1.0,19.0,2.0,3.0,0.0,3.0,227.0,26.0,0.0,0.0,129.0,15.0,0.0,23.0,2.0,0.0,401.0,0.0,326,6.681498285286242,2.68894983812042,20.71574838057862,7.507794640198697,0.010492235,0.024627492,0.06698952,0.017213799,-0.0761076659999999,0.023600992,0.8485762170000001,0.008460025,16.0,2097990.0,2138712.0,1722112.0,181.0,2.021881e-06,0.59901,0.04351756,46.0,41.7027,84.40541,0.8844472,104.9311,12.23279,59.59984,0.000271804,56.0,2.076923076923077,0,1
VHL,0.0,3.0,0.0,2.0,41.0,21.0,3.0,1.0,0.0,96.0,32.0,1.0,0.0,21.0,20.0,0.0,50.0,22.0,0.0,169.0,0.0,225,6.681498285286242,2.68894983812042,19.65561824062752,7.417852514885897,-0.022876399,0.029520629,0.046839364,0.013142642,-0.13039613,0.03572566,2.058266512,0.1691817169999999,3.0,10183319.0,10193744.0,825905.1,170.0,2.268464e-06,0.4439399999999999,0.03929245,25.0,40.91892,78.2973,0.8794273000000001,83.5377,14.12459,47.75688,0.003782106,296.0,7.727272727272727,1,1
WT1,0.0,26.0,83.0,0.0,2.0,2.0,1.0,0.0,22.0,100.0,12.0,2.0,0.0,37.0,5.0,0.0,12.0,6.0,0.0,274.0,0.0,246,6.681498285286242,2.68894983812042,18.44284268439928,9.550746785383245,-0.008662449,0.025212925,0.04463862,0.01476959,-0.098052986,0.029974423,8.274909032,0.856026992,11.0,32409325.0,32457087.0,356326.1,749.0,3.607093e-06,0.44758,0.008653244,5.0,41.16216,79.51351,0.8478329,101.5443,11.80328,51.25192,6.929999999999999e-05,21.0,3.131578947368421,1,1
XPO1,0.0,23.0,0.0,7.0,2.0,0.0,1.0,0.0,6.0,166.0,7.0,0.0,0.0,46.0,3.0,0.0,8.0,2.0,0.0,251.0,0.0,184,6.681498285286242,2.68894983812042,19.684131182357085,8.791162888555018,0.026681937,0.0162865,0.05491821,0.01530315,-0.05216107,0.010591482,0.043147984,0.000247396,2.0,61705070.0,61765418.0,842390.4,442.0,2.230257e-06,0.43033,0.04223522,9.0,59.24324,97.94595,0.8965956,125.3607,11.8623,34.71369,0.001839994,194.0,3.74468085106383,0,1
ZNRF3,0.0,41.0,0.0,0.0,15.0,3.0,0.0,1.0,3.0,114.0,23.0,0.0,0.0,53.0,2.0,0.0,27.0,4.0,0.0,224.0,0.0,207,6.681498285286242,2.68894983812042,19.403668242616373,8.353146825498081,0.0014500860297898,0.0299711588873905,0.057367087,0.0186526400956217,-0.096697303670753,0.0309440894036777,0.4439186536272007,0.0288399977075919,22.0,29279890.0,29453475.0,693562.4,326.0,2.384832e-06,0.45491,-0.01280921,6.0,47.35135,83.89189,0.8664632999999999,104.1115,10.58689,57.50546,9.05e-06,8.0,2.6481481481481484,0,1
